{"stats":{"minecraft:picked_up":{"minecraft:redstone_torch":7,"minecraft:redstone":6},"minecraft:custom":{"minecraft:time_since_rest":298391,"minecraft:crouch_one_cm":444,"minecraft:sprint_one_cm":85797,"minecraft:play_time":298391,"minecraft:walk_one_cm":66719,"minecraft:sneak_time":6063,"minecraft:interact_with_lectern":1,"minecraft:jump":1116,"minecraft:leave_game":15,"minecraft:time_since_death":298391,"minecraft:total_world_time":307209,"minecraft:fly_one_cm":5873859},"minecraft:used":{"minecraft:redstone_torch":72,"minecraft:yellow_wool":6,"minecraft:purple_stained_glass":1,"minecraft:writable_book":1,"minecraft:smooth_red_sandstone_slab":30,"minecraft:repeater":22,"minecraft:black_stained_glass":38,"minecraft:magenta_wool":16,"minecraft:written_book":1,"minecraft:command_block":7,"minecraft:dark_oak_sign":7,"minecraft:iron_block":61,"minecraft:red_stained_glass":149,"minecraft:light_blue_wool":1,"minecraft:redstone":14,"minecraft:smooth_red_sandstone":72,"minecraft:stone_button":5,"minecraft:orange_wool":3,"minecraft:lectern":1,"minecraft:ochre_froglight":251,"minecraft:smooth_red_sandstone_stairs":29,"minecraft:light_blue_stained_glass":24,"minecraft:glow_ink_sac":5}},"DataVersion":3700}