{"stats":{"minecraft:custom":{"minecraft:jump":38,"minecraft:time_since_rest":13437976,"minecraft:crouch_one_cm":2894,"minecraft:leave_game":10,"minecraft:play_time":13437976,"minecraft:sprint_one_cm":917,"minecraft:time_since_death":13437976,"minecraft:walk_one_cm":5959,"minecraft:sneak_time":1062989,"minecraft:total_world_time":18163460,"minecraft:fly_one_cm":10964530},"minecraft:picked_up":{"minecraft:redstone":1},"minecraft:used":{"minecraft:white_stained_glass":26,"minecraft:glow_item_frame":5,"minecraft:repeater":5,"minecraft:cherry_sign":1,"minecraft:redstone_block":3,"minecraft:red_wool":1}},"DataVersion":3700}